rank,country_code,country,city_code,city,lat,lng,population
2,356,India,21228,Delhi,28.6667,77.2167,5
3,156,China,20656,Shanghai,31.2222,121.4581,5
8,156,China,20464,Beijing,39.9075,116.3972,5
11,840,United States of America,23083,New York-Newark,40.7170,-74.0037,5
15,32,Argentina,20058,Buenos Aires,-34.6051,-58.4004,5
18,180,Democratic Republic of the Congo,20853,Kinshasa,-4.3276,15.3136,5
19,608,Philippines,22109,Manila,14.6042,120.9822,5
21,76,Brazil,20272,Rio de Janeiro,-22.9028,-43.2075,5
24,643,Russian Federation,22299,Moskva (Moscow),55.7550,37.6218,5
25,840,United States of America,23052,Los Angeles-Long Beach-Santa Ana,34.0317,-118.2417,5
28,250,France,20985,Paris,48.8534,2.3488,5